<?xml version="1.0" encoding="ISO-8859-1" ?>
<ion_type_list>
<ion_type>
	<name>B</name>
	<n_term>true</n_term>
	<shift>0</shift>
</ion_type>
<ion_type>
	<name>Y</name>
	<n_term>false</n_term>
	<shift>18.0106</shift>
</ion_type>
<ion_type>
	<name>C</name>
	<n_term>true</n_term>
	<shift>17.0265</shift>
</ion_type>
<ion_type>
	<name>Z_DOT</name>
	<n_term>false</n_term>
	<shift>1.9919</shift>
</ion_type>
<ion_type>
	<name>PREC</name>
	<n_term>false</n_term>
	<shift>18.0106</shift>
</ion_type>
</ion_type_list>
