<?xml version="1.0" encoding="ISO-8859-1" ?>
<prot_mod_list>
<prot_mod>
	<name>NONE</name>
	<trunc_name>NONE</trunc_name>
	<ptm_name>No PTM</ptm_name>
	<valid_acids></valid_acids>
</prot_mod>
<prot_mod>
	<name>NME</name>
	<trunc_name>NME</trunc_name>
	<ptm_name>No PTM</ptm_name>
	<valid_acids></valid_acids>
</prot_mod>
<prot_mod>
	<name>ACETYLATION</name>
	<trunc_name>NONE</trunc_name>
  	<ptm_name>Acetylation</ptm_name>
	<valid_acids></valid_acids>
</prot_mod>
<prot_mod>
	<name>NME_ACETYLATION</name>
	<trunc_name>NME</trunc_name>
 	<ptm_name>Acetylation</ptm_name>
	<valid_acids></valid_acids>
</prot_mod>
</prot_mod_list>
